time_stamp,mem,vms,secs_since_vm_created,secs_since_vm_deleted,swap,loadavg
2026-09-01 16:35:23,16.9,0,9999.0,9999.0,0.0,2.06
2026-09-01 16:51:22,5.15,0,9999.0,9999.0,0.0,3.65
2026-09-01 16:51:52,10.45,0,9999.0,9999.0,0.0,3.44
2026-09-01 16:52:23,10.4,0,9999.0,9999.0,0.0,2.88
2026-09-01 16:52:54,14.45,0,9999.0,9999.0,0.0,2.63
2026-09-01 16:53:27,22.95,1,15.7,9999.0,0.0,3.04
2026-09-01 16:53:58,18.9,1,47.0,9999.0,0.0,3.59
2026-09-01 16:54:29,23.8,1,2.0,9999.0,0.0,3.44
2026-09-01 16:55:01,32.0,2,33.5,9999.0,0.0,4.99
2026-09-01 16:55:32,27.8,2,64.7,9999.0,0.0,5.37
2026-09-01 16:56:03,28.3,3,20.3,9999.0,0.0,6.23
2026-09-01 16:56:35,35.0,3,51.3,9999.0,0.0,6.08
2026-09-01 16:57:06,34.05,3,5.2,9999.0,0.0,7.24
2026-09-01 16:57:37,36.3,4,36.3,9999.0,0.0,6.98
2026-09-01 16:58:08,46.35,4,67.5,9999.0,0.0,7.51
2026-09-01 16:58:40,40.95,5,22.0,9999.0,0.0,8.43
2026-09-01 16:59:11,52.6,5,53.5,9999.0,0.0,9.57
2026-09-01 16:59:42,52.45,5,84.7,9999.0,0.0,9.05
2026-09-01 17:00:13,44.6,5,115.7,9999.0,0.0,9.06
2026-09-01 17:00:45,44.05,5,147.1,9999.0,0.0,7.88
2026-09-01 17:01:16,48.3,6,26.5,9999.0,0.0,9.59
2026-09-01 17:01:47,51.35,6,57.6,9999.0,0.0,9.01
2026-09-01 17:02:19,51.5,6,89.1,9999.0,0.0,8.53
2026-09-01 17:02:50,59.75,6,120.2,9999.0,0.0,9.05
2026-09-01 17:03:21,57.1,6,151.2,9999.0,0.0,8.36
2026-09-01 17:03:52,58.0,7,28.6,9999.0,0.0,8.84
2026-09-01 17:04:23,66.0,7,59.7,9999.0,0.0,9.54
2026-09-01 17:04:55,60.3,7,91.6,9999.0,0.0,10.26
2026-09-01 17:05:26,59.4,7,122.7,9999.0,0.0,10.19
2026-09-01 17:05:58,66.85,7,2.3,9999.0,0.0,9.9
2026-09-01 17:06:29,68.35,8,33.4,9999.0,0.0,9.92
2026-09-01 17:07:00,68.85,8,64.5,9999.0,0.0,10.69
2026-09-01 17:07:31,68.85,8,95.6,9999.0,0.0,10.95
2026-09-01 17:08:02,66.15,8,126.8,9999.0,0.0,11.15
2026-09-01 17:08:33,70.4,8,3.6,9999.0,0.0,11.16
2026-09-01 17:09:06,79.55,9,35.8,9999.0,0.0,11.11
2026-09-01 17:09:37,71.15,9,67.3,9999.0,0.0,11.17
2026-09-01 17:10:08,73.75,9,98.3,9999.0,0.0,11.1
2026-09-01 17:10:40,73.55,9,129.7,9999.0,0.0,11.21
2026-09-01 17:11:11,77.7,9,160.9,9999.0,0.0,11.04
2026-09-01 17:11:42,71.5,9,192.0,9999.0,0.0,10.84
2026-09-01 17:12:14,80.25,9,223.8,9999.0,0.0,9.0
2026-09-01 17:12:45,64.95,9,254.9,15.4,0.0,9.21
2026-09-01 17:13:16,73.75,8,286.1,46.6,0.0,9.43
2026-09-01 17:13:47,72.9,8,317.2,77.7,0.0,9.12
2026-09-01 17:14:18,64.4,8,348.5,109.0,0.0,7.52
2026-09-01 17:14:50,68.8,8,379.8,140.3,0.0,8.85
2026-09-01 17:15:21,58.65,7,410.8,30.3,0.0,8.58
2026-09-01 17:15:52,58.85,7,441.9,61.3,0.0,8.72
2026-09-01 17:16:23,66.8,7,473.1,92.5,0.0,8.61
2026-09-01 17:16:54,61.95,7,504.2,123.7,0.0,8.31
2026-09-01 17:17:25,51.65,7,535.3,14.3,0.0,7.64
2026-09-01 17:17:56,51.4,6,566.4,45.4,0.0,7.38
2026-09-01 17:18:27,55.35,6,597.5,76.5,0.0,7.32
2026-09-01 17:18:58,55.35,6,628.6,107.6,0.0,7.79
2026-09-01 17:19:30,57.85,6,660.6,139.6,0.0,8.02
2026-09-01 17:20:01,52.9,5,691.6,27.7,0.0,7.02
2026-09-01 17:20:32,49.55,5,722.6,58.7,0.0,6.51
2026-09-01 17:21:03,52.65,5,753.6,89.6,0.0,6.46
2026-09-01 17:21:34,45.0,5,784.6,120.7,0.0,6.95
2026-09-01 17:22:06,38.55,5,815.8,11.3,0.0,7.55
2026-09-01 17:22:37,37.95,4,846.7,42.2,0.0,6.72
2026-09-01 17:23:08,39.1,4,877.7,2.7,0.0,6.11
2026-09-01 17:23:38,31.1,3,908.6,33.6,0.0,5.9
2026-09-01 17:24:10,33.5,3,939.7,64.7,0.0,5.86
2026-09-01 17:24:41,26.45,3,970.9,24.1,0.0,5.15
2026-09-01 17:25:12,32.4,2,1001.8,55.0,0.0,4.47
2026-09-01 17:25:43,26.0,2,1032.7,14.3,0.0,4.43
2026-09-01 17:26:14,16.85,1,1063.8,45.3,0.0,4.16
2026-09-01 17:26:45,17.95,1,1094.7,5.9,0.0,3.69
2026-09-01 17:55:24,18.3,0,2813.9,1725.1,0.0,2.77
2026-09-01 17:55:55,12.75,0,2844.7,1755.9,0.0,2.45
2026-09-01 17:56:25,10.5,0,2875.5,1786.7,0.0,2.35
2026-09-01 17:56:56,16.65,1,23.9,1817.9,0.0,2.97
2026-09-01 17:57:27,18.1,1,54.8,1848.8,0.0,3.55
2026-09-01 17:57:59,28.35,2,9.4,1880.3,0.0,3.93
2026-09-01 17:58:30,30.1,2,40.6,1911.6,0.0,5.06
2026-09-01 17:59:01,24.1,2,71.8,1942.8,0.0,5.76
2026-09-01 17:59:33,33.15,3,26.1,1973.9,0.0,6.68
2026-09-01 18:00:04,39.0,3,57.4,2005.2,0.0,6.65
2026-09-01 18:00:35,36.8,3,88.4,2036.2,0.0,6.66
2026-09-01 18:01:06,31.55,3,119.6,2067.4,0.0,5.88
2026-09-01 18:01:37,34.25,4,150.7,2098.4,0.0,5.82
2026-09-01 18:02:08,36.4,4,29.8,2129.6,0.0,5.82
2026-09-01 18:02:39,41.6,4,60.9,2160.6,0.0,6.34
2026-09-01 18:03:10,43.7,4,91.9,2191.7,0.0,6.35
2026-09-01 18:03:42,41.65,4,123.2,2223.0,0.0,6.45
2026-09-01 18:04:14,46.55,4,155.6,2255.3,0.0,6.49
2026-09-01 18:04:45,45.85,5,29.8,2286.6,0.0,7.36
2026-09-01 18:05:16,44.25,5,60.9,2317.7,0.0,7.39
2026-09-01 18:05:48,52.9,5,92.6,2349.3,0.0,8.07
2026-09-01 18:06:19,44.3,5,123.7,2380.5,0.0,7.78
2026-09-01 18:06:50,44.65,5,1.1,2411.6,0.0,7.52
2026-09-01 18:07:22,50.4,6,32.7,2443.3,0.0,8.37
2026-09-01 18:07:53,59.25,6,63.8,2474.4,0.0,8.88
2026-09-01 18:08:24,53.85,6,94.9,2505.4,0.0,8.71
2026-09-01 18:08:55,52.8,6,126.1,2536.6,0.0,8.48
2026-09-01 18:09:28,58.4,6,4.6,2569.1,0.0,8.87
2026-09-01 18:09:59,57.85,7,35.9,2600.4,0.0,9.67
2026-09-01 18:10:30,57.85,7,67.0,2631.5,0.0,9.19
2026-09-01 18:11:01,59.7,7,98.1,2662.6,0.0,9.01
2026-09-01 18:11:33,66.35,7,129.7,2694.2,0.0,9.6
2026-09-01 18:12:04,68.7,7,8.4,2725.7,0.0,9.98
2026-09-01 18:12:35,70.4,8,39.4,2756.7,0.0,10.68
2026-09-01 18:13:07,63.6,8,70.8,2788.0,0.0,11.07
2026-09-01 18:13:38,73.1,8,101.8,2819.1,0.0,9.97
2026-09-01 18:14:09,66.45,8,133.0,2850.3,0.0,11.48
2026-09-01 18:14:40,65.85,8,164.1,2881.4,0.0,9.23
2026-09-01 18:15:12,73.0,8,195.7,2913.0,0.0,8.84
2026-09-01 18:15:43,72.9,8,226.8,2944.1,0.0,8.34
2026-09-01 18:16:14,69.05,9,27.9,2975.8,0.0,10.56
2026-09-01 18:16:46,75.15,9,59.7,3007.6,0.0,11.41
2026-09-01 18:17:17,79.9,9,90.8,3038.8,0.0,10.56
2026-09-01 18:17:49,72.45,9,122.1,3070.0,0.0,10.36
2026-09-01 18:18:20,70.85,9,153.4,3101.3,0.0,11.14
2026-09-01 18:18:51,75.3,9,184.7,3132.7,0.0,10.64
2026-09-01 18:19:23,71.4,9,216.6,3164.5,0.0,9.46
2026-09-01 18:19:54,68.8,9,247.8,9.0,0.0,8.93
2026-09-01 18:20:26,72.4,8,279.7,40.9,0.0,9.04
2026-09-01 18:20:58,67.55,8,311.2,72.4,0.0,8.66
2026-09-01 18:21:29,64.1,8,342.8,104.0,0.0,8.87
2026-09-01 18:22:01,73.15,8,374.0,135.2,0.0,9.48
2026-09-01 18:22:32,66.8,8,405.1,166.3,0.0,7.69
2026-09-01 18:23:03,68.75,8,436.4,197.6,0.0,7.92
2026-09-01 18:23:34,66.55,8,467.4,16.4,0.0,8.77
2026-09-01 18:24:05,58.4,7,498.9,48.0,0.0,8.98
2026-09-01 18:24:36,58.1,7,530.0,79.1,0.0,9.03
2026-09-01 18:25:08,67.15,7,561.5,110.6,0.0,8.38
2026-09-01 18:25:39,66.8,7,592.9,2.0,0.0,8.62
2026-09-01 18:26:10,51.85,6,624.0,33.1,0.0,8.52
2026-09-01 18:26:42,54.45,6,655.3,64.4,0.0,8.23
2026-09-01 18:27:13,50.9,6,686.4,95.5,0.0,7.69
2026-09-01 18:27:44,51.1,6,717.4,126.5,0.0,7.45
2026-09-01 18:28:15,52.55,6,748.4,16.7,0.0,7.68
2026-09-01 18:28:46,53.1,5,779.5,47.8,0.0,7.42
2026-09-01 18:29:17,50.15,5,810.8,79.1,0.0,7.69
2026-09-01 18:29:48,52.4,5,841.8,110.1,0.0,6.95
2026-09-01 18:30:19,47.7,5,872.7,141.1,0.0,6.41
2026-09-01 18:30:50,43.5,4,903.7,29.9,0.0,6.06
2026-09-01 18:31:21,40.7,4,934.9,61.1,0.0,5.24
2026-09-01 18:31:52,43.8,4,965.9,92.1,0.0,5.03
2026-09-01 18:32:24,41.15,4,997.4,123.5,0.0,5.94
2026-09-01 18:32:55,36.4,4,1028.3,14.3,0.0,5.51
2026-09-01 18:33:26,35.95,3,1059.3,45.3,0.0,5.21
2026-09-01 18:33:57,39.65,3,1090.3,76.3,0.0,4.9
2026-09-01 18:34:28,39.55,3,1121.8,107.8,0.0,4.98
2026-09-01 18:34:59,30.15,3,1152.9,138.9,0.0,4.62
2026-09-01 18:35:31,28.15,2,1184.2,30.0,0.0,4.69
2026-09-01 18:36:02,24.2,2,1215.2,61.1,0.0,4.33
2026-09-01 18:36:33,17.8,2,1246.1,20.6,0.0,4.16
2026-09-01 18:37:04,25.7,1,1277.1,51.5,0.0,3.58
2026-09-01 18:37:35,15.15,1,1308.2,11.2,0.0,3.41
2026-09-01 19:00:42,17.15,0,2695.7,1398.7,0.0,3.18
2026-09-01 19:01:13,19.05,0,2726.5,1429.5,0.0,2.83
2026-09-01 19:01:44,16.8,0,2757.7,1460.7,0.0,2.44
2026-09-01 19:02:15,10.65,1,2788.6,1491.6,0.0,2.26
2026-09-01 19:02:47,21.45,1,29.9,1523.2,0.0,3.31
2026-09-01 19:03:18,17.4,1,61.0,1554.3,0.0,3.37
2026-09-01 19:03:49,22.2,2,15.9,1585.6,0.0,3.81
2026-09-01 19:04:21,28.15,2,47.8,1617.5,0.0,4.65
2026-09-01 19:04:52,29.65,3,1.9,1648.7,0.0,5.16
2026-09-01 19:05:23,33.3,3,33.0,1679.8,0.0,5.75
2026-09-01 19:05:55,32.05,3,64.3,1711.1,0.0,6.46
2026-09-01 19:06:26,32.7,3,95.3,1742.1,0.0,7.0
2026-09-01 19:06:57,30.9,3,126.3,1773.1,0.0,6.66
2026-09-01 19:07:28,32.1,4,4.5,1804.2,0.0,6.74
2026-09-01 19:07:59,46.4,4,35.9,1835.7,0.0,6.8
2026-09-01 19:08:30,46.35,4,67.2,1867.0,0.0,7.17
2026-09-01 19:09:02,45.55,4,99.0,1898.8,0.0,6.58
2026-09-01 19:09:33,46.0,4,129.8,1929.6,0.0,6.53
2026-09-01 19:10:05,45.75,4,8.4,1961.4,0.0,6.36
2026-09-01 19:10:36,43.85,5,39.8,1992.8,0.0,6.96
2026-09-01 19:11:07,50.15,5,70.7,2023.7,0.0,7.41
2026-09-01 19:11:38,44.75,5,101.9,2054.9,0.0,7.36
2026-09-01 19:12:09,47.55,5,132.9,2085.8,0.0,7.26
2026-09-01 19:12:40,55.5,6,9.6,2117.0,0.0,6.43
2026-09-01 19:13:12,57.4,6,40.8,2148.2,0.0,7.56
2026-09-01 19:13:43,57.25,6,71.9,2179.3,0.0,8.36
2026-09-01 19:14:14,53.0,6,102.8,2210.2,0.0,7.87
2026-09-01 19:14:45,54.45,6,133.8,2241.2,0.0,7.75
2026-09-01 19:15:16,57.6,7,13.2,2272.6,0.0,8.79
2026-09-01 19:15:47,58.35,7,44.2,2303.5,0.0,9.48
2026-09-01 19:16:18,63.5,7,75.3,2334.6,0.0,9.85
2026-09-01 19:16:49,57.55,7,106.2,2365.6,0.0,9.39
2026-09-01 19:17:20,57.8,7,137.3,2396.6,0.0,9.52
2026-09-01 19:17:51,57.55,7,168.4,2427.7,0.0,9.27
2026-09-01 19:18:23,61.9,7,200.0,2459.3,0.0,9.17
2026-09-01 19:18:54,66.45,7,231.0,2490.4,0.0,8.97
2026-09-01 19:19:25,66.2,8,30.3,2521.5,0.0,9.36
2026-09-01 19:19:57,68.5,8,61.8,2553.0,0.0,11.25
2026-09-01 19:20:27,67.15,8,92.7,2584.0,0.0,11.52
2026-09-01 19:20:59,73.2,8,123.8,2615.1,0.0,10.18
2026-09-01 19:21:30,64.4,8,155.2,2646.5,0.0,8.44
2026-09-01 19:22:01,64.45,8,186.1,2677.4,0.0,8.05
2026-09-01 19:22:32,73.15,8,217.1,2708.4,0.0,9.21
2026-09-01 19:23:03,72.8,9,18.2,2739.4,0.0,9.79
2026-09-01 19:23:35,73.8,9,50.6,2771.7,0.0,10.63
2026-09-01 19:24:07,80.0,9,82.2,2803.4,0.0,10.08
2026-09-01 19:24:38,75.25,9,113.8,2834.9,0.0,9.97
2026-09-01 19:25:10,73.2,9,145.2,2866.3,0.0,9.8
2026-09-01 19:25:41,80.05,9,176.2,2897.3,0.0,9.6
2026-09-01 19:26:12,75.25,9,207.2,2928.4,0.0,9.09
2026-09-01 19:26:43,71.8,9,238.2,2959.3,0.0,10.14
2026-09-01 19:27:14,64.6,8,269.2,29.9,0.0,8.9
2026-09-01 19:27:45,73.25,8,300.3,61.0,0.0,7.96
2026-09-01 19:28:16,68.45,8,331.2,91.9,0.0,8.04
2026-09-01 19:28:47,66.9,8,362.4,123.0,0.0,8.18
2026-09-01 19:29:18,69.85,8,393.6,154.3,0.0,8.35
2026-09-01 19:29:49,63.45,8,424.7,185.4,0.0,8.3
2026-09-01 19:30:20,64.45,8,455.7,6.6,0.0,8.94
2026-09-01 19:30:51,66.3,7,486.7,37.5,0.0,8.6
2026-09-01 19:31:22,61.75,7,517.6,68.5,0.0,8.44
2026-09-01 19:31:53,63.4,7,548.6,99.5,0.0,7.92
2026-09-01 19:32:24,65.9,7,579.6,130.5,0.0,8.11
2026-09-01 19:32:55,58.7,7,610.6,161.5,0.0,9.02
2026-09-01 19:33:27,59.75,7,641.9,192.7,0.0,8.79
2026-09-01 19:33:58,55.4,7,673.1,10.3,0.0,7.65
2026-09-01 19:34:29,55.2,6,704.1,41.3,0.0,7.54
2026-09-01 19:35:00,55.1,6,735.3,72.5,0.0,7.54
2026-09-01 19:35:31,55.15,6,766.3,103.5,0.0,7.82
2026-09-01 19:36:02,55.1,6,797.1,134.3,0.0,7.67
2026-09-01 19:36:33,48.65,5,828.0,24.7,0.0,6.39
2026-09-01 19:37:03,48.45,5,858.9,55.5,0.0,6.61
2026-09-01 19:37:35,48.7,5,890.1,86.8,0.0,6.07
2026-09-01 19:38:06,43.35,5,921.4,118.1,0.0,6.09
2026-09-01 19:38:37,44.15,5,952.4,9.4,0.0,6.76
2026-09-01 19:39:08,37.55,4,983.3,40.3,0.0,6.75
2026-09-01 19:39:39,37.75,4,1014.2,71.2,0.0,6.6
2026-09-01 19:40:10,39.5,4,1045.1,102.0,0.0,6.09
2026-09-01 19:40:41,41.75,4,1076.5,133.5,0.0,6.08
2026-09-01 19:41:12,31.8,4,1107.7,23.2,0.0,6.01
2026-09-01 19:41:43,31.65,3,1138.6,54.1,0.0,5.56
2026-09-01 19:42:14,34.05,3,1169.4,84.9,0.0,5.36
2026-09-01 19:42:45,37.3,3,1200.4,115.9,0.0,5.15
2026-09-01 19:43:16,35.0,3,1231.5,5.1,0.0,5.18
2026-09-01 19:43:47,28.25,2,1262.3,35.9,0.0,5.21
2026-09-01 19:44:18,25.7,2,1293.1,66.7,0.0,4.9
2026-09-01 19:44:48,23.7,1,1323.9,27.6,0.0,4.34
2026-09-01 19:45:19,17.2,1,1354.7,58.5,0.0,3.87
2026-09-01 19:45:50,13.7,1,1385.4,18.8,0.0,3.58
2026-09-01 20:07:50,9.5,0,2704.9,1338.3,0.0,2.42
2026-09-01 20:08:21,16.0,0,2736.0,1369.3,0.0,2.58
2026-09-01 20:08:52,12.6,0,2767.1,1400.5,0.0,2.4
2026-09-01 20:09:23,15.8,1,9.2,1431.6,0.0,2.82
2026-09-01 20:09:55,17.55,1,41.0,1463.3,0.0,3.32
2026-09-01 20:10:25,21.5,1,71.9,1494.2,0.0,3.29
2026-09-01 20:10:57,31.65,2,26.6,1525.6,0.0,3.91
2026-09-01 20:11:28,27.5,2,57.7,1556.7,0.0,4.78
2026-09-01 20:11:59,29.9,3,13.3,1588.2,0.0,5.09
2026-09-01 20:12:31,30.3,3,44.6,1619.5,0.0,6.59
2026-09-01 20:13:02,35.15,3,76.0,1650.8,0.0,6.71
2026-09-01 20:13:33,31.05,3,107.2,1682.0,0.0,6.23
2026-09-01 20:14:05,40.0,3,138.8,1713.7,0.0,5.61
2026-09-01 20:14:36,41.5,4,18.2,1744.8,0.0,6.02
2026-09-01 20:15:07,40.05,4,49.2,1775.9,0.0,6.22
2026-09-01 20:15:38,46.4,4,80.2,1806.9,0.0,6.18
2026-09-01 20:16:09,43.85,4,111.5,1838.2,0.0,5.54
2026-09-01 20:16:40,41.75,4,142.5,1869.2,0.0,5.93
2026-09-01 20:17:12,46.75,5,19.9,1900.6,0.0,6.39
2026-09-01 20:17:43,52.45,5,50.9,1931.6,0.0,7.22
2026-09-01 20:18:14,46.3,5,81.8,1962.4,0.0,7.32
2026-09-01 20:18:45,48.6,5,113.5,1994.2,0.0,7.46
2026-09-01 20:19:16,44.65,5,144.4,2025.0,0.0,7.07
2026-09-01 20:19:47,49.85,6,22.9,2056.3,0.0,7.21
2026-09-01 20:20:19,55.5,6,53.9,2087.3,0.0,8.28
2026-09-01 20:20:49,54.3,6,84.8,2118.1,0.0,7.25
2026-09-01 20:21:20,55.5,6,115.8,2149.2,0.0,7.37
2026-09-01 20:21:51,56.95,6,146.7,2180.1,0.0,6.7
2026-09-01 20:22:22,56.6,7,24.2,2211.1,0.0,7.47
2026-09-01 20:22:54,62.4,7,55.5,2242.4,0.0,8.04
2026-09-01 20:23:25,58.7,7,87.2,2274.2,0.0,8.83
2026-09-01 20:23:56,62.05,7,118.2,2305.1,0.0,8.94
2026-09-01 20:24:27,58.95,7,149.1,2336.0,0.0,9.24
2026-09-01 20:24:59,64.0,7,180.5,2367.4,0.0,8.02
2026-09-01 20:25:30,58.1,7,211.4,2398.3,0.0,8.56
2026-09-01 20:26:01,69.0,8,10.4,2429.6,0.0,8.26
2026-09-01 20:26:32,65.05,8,41.8,2460.9,0.0,9.8
2026-09-01 20:27:03,67.7,8,72.7,2491.9,0.0,10.04
2026-09-01 20:27:35,73.55,8,104.3,2523.5,0.0,10.44
2026-09-01 20:28:06,68.85,8,135.3,2554.5,0.0,10.0
2026-09-01 20:28:37,66.0,8,166.2,2585.4,0.0,9.64
2026-09-01 20:29:08,66.65,8,197.2,2616.4,0.0,9.67
2026-09-01 20:29:39,73.8,9,0.5,2647.6,0.0,10.08
2026-09-01 20:30:10,79.2,9,31.8,2679.0,0.0,9.99
2026-09-01 20:30:41,71.65,9,62.8,2710.0,0.0,10.43
2026-09-01 20:31:12,80.4,9,93.9,2741.0,0.0,9.78
2026-09-01 20:31:43,80.4,9,125.1,2772.2,0.0,10.69
2026-09-01 20:32:14,75.3,9,156.1,2803.2,0.0,10.36
2026-09-01 20:32:45,75.55,9,187.1,2834.2,0.0,9.51
2026-09-01 20:33:17,75.6,9,218.3,2865.4,0.0,9.16
2026-09-01 20:33:48,73.45,9,249.5,5.8,0.0,8.83
2026-09-01 20:34:19,68.35,8,280.9,37.1,0.0,8.2
2026-09-01 20:34:50,69.0,8,311.9,68.1,0.0,8.98
2026-09-01 20:35:21,64.9,8,342.8,99.1,0.0,9.35
2026-09-01 20:35:52,73.3,8,373.8,130.0,0.0,8.7
2026-09-01 20:36:23,73.7,8,404.8,161.1,0.0,9.26
2026-09-01 20:36:54,66.65,8,435.7,191.9,0.0,9.6
2026-09-01 20:37:25,60.65,8,466.6,12.6,0.0,8.2
2026-09-01 20:37:56,58.05,7,497.5,43.6,0.0,7.93
2026-09-01 20:38:27,58.75,7,528.8,74.8,0.0,7.91
2026-09-01 20:38:58,66.55,7,559.6,105.6,0.0,7.84
2026-09-01 20:39:29,66.9,7,590.6,136.6,0.0,7.57
2026-09-01 20:40:00,61.5,7,621.4,167.4,0.0,8.13
2026-09-01 20:40:31,66.55,7,652.6,198.7,0.0,8.25
2026-09-01 20:41:02,51.45,7,683.6,18.1,0.0,8.54
2026-09-01 20:41:33,52.7,6,714.5,48.9,0.0,7.74
2026-09-01 20:42:04,51.5,6,745.5,80.0,0.0,7.0
2026-09-01 20:42:35,52.05,6,776.5,110.9,0.0,7.79
2026-09-01 20:43:06,51.45,6,807.4,141.8,0.0,8.06
2026-09-01 20:43:37,44.7,5,838.2,30.5,0.0,7.05
2026-09-01 20:44:07,44.85,5,869.1,61.4,0.0,6.28
2026-09-01 20:44:39,44.95,5,900.5,92.7,0.0,6.28
2026-09-01 20:45:10,47.7,5,931.3,123.6,0.0,6.21
2026-09-01 20:45:41,41.05,5,962.2,13.2,0.0,5.64
2026-09-01 20:46:11,44.1,4,993.0,44.0,0.0,5.49
2026-09-01 20:46:42,45.9,4,1023.8,74.9,0.0,6.08
2026-09-01 20:47:13,41.9,4,1054.7,105.7,0.0,6.01
2026-09-01 20:47:44,41.95,4,1085.5,136.5,0.0,5.87
2026-09-01 20:48:15,30.35,3,1116.5,27.0,0.0,5.73
2026-09-01 20:48:46,31.5,3,1147.5,57.9,0.0,5.46
2026-09-01 20:49:17,36.85,3,1178.5,89.0,0.0,5.06
2026-09-01 20:49:48,39.45,3,1209.4,119.9,0.0,4.92
2026-09-01 20:50:19,24.3,3,1240.8,10.4,0.0,4.65
2026-09-01 20:50:50,24.8,2,1271.5,41.2,0.0,4.53
2026-09-01 20:51:21,32.9,2,1302.3,0.2,0.0,4.08
2026-09-01 20:51:51,21.7,1,1333.0,30.9,0.0,3.69
2026-09-01 20:52:22,20.05,1,1363.8,61.7,0.0,3.63
2026-09-01 21:14:54,9.5,0,2715.5,1343.4,0.0,3.26
2026-09-01 21:15:25,16.45,0,2746.4,1374.3,0.0,2.96
2026-09-01 21:15:56,13.1,0,2777.2,1405.1,0.0,2.67
2026-09-01 21:16:27,19.2,1,15.3,1437.0,0.0,2.7
2026-09-01 21:16:59,25.8,1,46.4,1468.2,0.0,3.3
2026-09-01 21:17:30,21.0,1,0.9,1499.2,0.0,3.94
2026-09-01 21:18:01,23.2,2,32.1,1530.3,0.0,4.35
2026-09-01 21:18:33,28.45,2,64.1,1562.3,0.0,5.13
2026-09-01 21:19:05,37.0,3,20.2,1594.6,0.0,5.89
2026-09-01 21:19:36,32.25,3,51.4,1625.8,0.0,6.03
2026-09-01 21:20:07,30.4,3,82.6,1657.0,0.0,6.49
2026-09-01 21:20:38,39.55,3,113.6,1688.0,0.0,5.99
2026-09-01 21:21:10,35.45,3,145.1,1719.5,0.0,6.23
2026-09-01 21:21:42,40.1,4,25.5,1751.8,0.0,6.71
2026-09-01 21:22:13,45.55,4,56.4,1782.8,0.0,6.92
2026-09-01 21:22:44,37.8,4,87.4,1813.7,0.0,6.42
2026-09-01 21:23:15,44.95,4,118.6,1844.9,0.0,6.28
2026-09-01 21:23:46,37.5,4,149.5,1875.9,0.0,6.03
2026-09-01 21:24:19,52.05,5,28.5,1908.3,0.0,6.71
2026-09-01 21:24:50,50.3,5,59.6,1939.3,0.0,7.3
2026-09-01 21:25:21,48.25,5,91.1,1970.9,0.0,6.9
2026-09-01 21:25:52,49.05,5,122.3,2002.0,0.0,7.15
2026-09-01 21:26:23,48.2,5,0.4,2033.1,0.0,7.95
2026-09-01 21:26:55,58.95,6,31.7,2064.4,0.0,8.24
2026-09-01 21:27:26,52.05,6,63.3,2096.0,0.0,8.62
2026-09-01 21:27:58,50.2,6,94.6,2127.3,0.0,8.32
2026-09-01 21:28:29,50.85,6,125.9,2158.6,0.0,8.34
2026-09-01 21:29:01,56.8,6,3.3,2190.2,0.0,8.33
2026-09-01 21:29:32,66.7,7,34.7,2221.6,0.0,9.75
2026-09-01 21:30:03,66.2,7,65.8,2252.7,0.0,9.62
2026-09-01 21:30:34,61.75,7,97.0,2283.9,0.0,9.09
2026-09-01 21:31:06,58.05,7,128.3,2315.2,0.0,8.86
2026-09-01 21:31:37,65.85,7,159.3,2346.2,0.0,9.74
2026-09-01 21:32:08,66.15,7,190.4,2377.3,0.0,9.12
2026-09-01 21:32:39,57.8,7,221.8,2408.7,0.0,9.0
2026-09-01 21:33:11,62.85,8,23.4,2440.2,0.0,10.49
2026-09-01 21:33:42,67.25,8,54.8,2471.6,0.0,10.85
2026-09-01 21:34:13,73.3,8,86.0,2502.8,0.0,9.96
2026-09-01 21:34:45,73.35,8,117.3,2534.1,0.0,9.42
2026-09-01 21:35:16,64.6,8,148.5,2565.3,0.0,9.17
2026-09-01 21:35:47,68.95,8,179.7,2596.5,0.0,7.65
2026-09-01 21:36:18,68.0,8,210.8,2627.6,0.0,7.02
2026-09-01 21:36:49,68.9,9,13.7,2659.1,0.0,7.81
2026-09-01 21:37:21,71.45,9,45.4,2690.7,0.0,9.23
2026-09-01 21:37:53,79.85,9,77.6,2722.9,0.0,9.9
2026-09-01 21:38:25,72.95,9,109.1,2754.4,0.0,10.13
2026-09-01 21:38:56,75.35,9,140.3,2785.6,0.0,9.83
2026-09-01 21:39:27,79.85,9,171.6,2816.9,0.0,9.22
2026-09-01 21:39:58,75.55,9,202.7,2848.0,0.0,9.45
2026-09-01 21:40:30,80.25,9,233.9,2879.2,0.0,10.06
2026-09-01 21:41:01,64.4,9,265.3,25.8,0.0,9.7
2026-09-01 21:41:33,68.6,8,297.4,57.9,0.0,9.48
2026-09-01 21:42:04,68.15,8,328.7,89.2,0.0,10.88
2026-09-01 21:42:36,64.65,8,359.9,120.4,0.0,10.62
2026-09-01 21:43:07,68.6,8,391.3,151.8,0.0,8.97
2026-09-01 21:43:38,67.75,8,422.4,182.9,0.0,8.52
2026-09-01 21:44:09,64.5,8,453.6,3.8,0.0,8.03
2026-09-01 21:44:40,66.15,7,484.7,34.9,0.0,8.07
2026-09-01 21:45:12,63.95,7,515.8,66.0,0.0,8.85
2026-09-01 21:45:43,57.85,7,547.6,97.8,0.0,8.39
2026-09-01 21:46:15,58.0,7,578.9,129.1,0.0,8.42
2026-09-01 21:46:47,66.0,7,611.0,161.2,0.0,8.56
2026-09-01 21:47:18,66.1,7,642.0,192.2,0.0,7.4
2026-09-01 21:47:49,50.0,7,673.5,13.1,0.0,7.56
2026-09-01 21:48:20,51.0,6,704.6,44.3,0.0,7.25
2026-09-01 21:48:51,59.75,6,735.8,75.4,0.0,7.42
2026-09-01 21:49:23,55.05,6,767.0,106.6,0.0,7.35
2026-09-01 21:49:54,55.15,6,798.1,137.7,0.0,7.14
2026-09-01 21:50:25,46.65,5,829.1,27.7,0.0,7.08
2026-09-01 21:50:56,44.25,5,860.1,58.7,0.0,6.72
2026-09-01 21:51:27,44.85,5,891.3,89.9,0.0,5.94
2026-09-01 21:51:58,43.5,5,922.7,121.3,0.0,6.08
2026-09-01 21:52:30,36.5,5,953.9,11.9,0.0,5.92
2026-09-01 21:53:00,41.6,4,984.8,42.8,0.0,5.43
2026-09-01 21:53:32,37.45,4,1015.8,73.9,0.0,5.59
2026-09-01 21:54:03,41.55,4,1046.8,104.9,0.0,5.62
2026-09-01 21:54:34,37.4,4,1078.0,136.0,0.0,5.47
2026-09-01 21:55:05,35.05,3,1109.3,27.1,0.0,5.57
2026-09-01 21:55:36,30.35,3,1140.8,58.6,0.0,5.88
2026-09-01 21:56:07,34.95,3,1171.7,89.5,0.0,5.71
2026-09-01 21:56:38,31.1,3,1202.7,120.5,0.0,5.54
2026-09-01 21:57:09,24.05,3,1233.7,11.3,0.0,5.87
2026-09-01 21:57:40,25.35,2,1264.6,42.3,0.0,5.35
2026-09-01 21:58:12,30.35,2,1295.8,3.2,0.0,4.4
2026-09-01 21:58:43,25.6,1,1327.1,34.5,0.0,4.39
2026-09-01 21:59:14,21.55,1,1357.9,65.4,0.0,4.12
2026-09-01 22:21:17,7.9,0,2681.2,1318.5,0.0,3.56
2026-09-01 22:21:48,19.25,0,2712.1,1349.5,0.0,3.11
2026-09-01 22:22:19,18.6,0,2743.0,1380.4,0.0,3.07
2026-09-01 22:22:50,13.7,0,2773.9,1411.2,0.0,2.57
2026-09-01 22:23:21,24.2,1,20.7,1442.7,0.0,3.74
2026-09-01 22:23:52,22.45,1,51.7,1473.8,0.0,4.03
2026-09-01 22:24:23,19.6,2,7.3,1505.0,0.0,3.86
2026-09-01 22:24:55,27.9,2,38.8,1536.5,0.0,4.87
2026-09-01 22:25:26,32.45,2,70.0,1567.7,0.0,5.25
2026-09-01 22:25:58,31.0,3,25.3,1599.4,0.0,5.89
2026-09-01 22:26:29,30.95,3,56.7,1630.7,0.0,6.11
2026-09-01 22:27:00,39.75,3,87.8,1661.8,0.0,6.58
2026-09-01 22:27:31,39.65,3,118.7,1692.8,0.0,5.7
2026-09-01 22:28:02,34.95,3,149.7,1723.7,0.0,5.09
2026-09-01 22:28:34,45.7,4,26.4,1755.3,0.0,6.02
2026-09-01 22:29:05,41.0,4,57.8,1786.7,0.0,6.55
2026-09-01 22:29:37,40.0,4,89.4,1818.3,0.0,6.6
2026-09-01 22:30:08,43.95,4,120.6,1849.6,0.0,6.9
2026-09-01 22:30:39,37.85,4,151.6,1880.5,0.0,6.36
2026-09-01 22:31:10,52.45,5,29.7,1912.0,0.0,7.09
2026-09-01 22:31:41,52.55,5,60.7,1943.0,0.0,7.61
2026-09-01 22:32:12,48.75,5,91.7,1974.0,0.0,7.94
2026-09-01 22:32:43,47.05,5,122.9,2005.1,0.0,7.89
2026-09-01 22:33:15,52.95,6,154.1,2036.3,0.0,7.13
2026-09-01 22:33:46,56.05,6,30.6,2067.5,0.0,7.49
2026-09-01 22:34:17,55.65,6,61.8,2098.6,0.0,9.0
2026-09-01 22:34:48,60.05,6,92.8,2129.7,0.0,8.5
2026-09-01 22:35:19,60.2,6,124.0,2160.9,0.0,8.52
2026-09-01 22:35:50,56.15,6,0.9,2191.9,0.0,8.08
2026-09-01 22:36:22,59.45,7,32.7,2223.7,0.0,10.02
2026-09-01 22:36:53,58.9,7,63.7,2254.8,0.0,9.39
2026-09-01 22:37:25,61.9,7,95.3,2286.4,0.0,9.36
2026-09-01 22:37:56,62.35,7,126.5,2317.5,0.0,8.44
2026-09-01 22:38:27,58.3,7,157.5,2348.6,0.0,8.46
2026-09-01 22:38:58,58.1,7,188.8,2379.9,0.0,7.83
2026-09-01 22:39:29,66.8,7,220.1,2411.1,0.0,8.04
2026-09-01 22:40:01,71.5,8,19.4,2442.6,0.0,9.02
2026-09-01 22:40:32,65.2,8,50.9,2474.1,0.0,10.7
2026-09-01 22:41:04,67.95,8,82.2,2505.4,0.0,10.37
2026-09-01 22:41:35,73.05,8,113.5,2536.6,0.0,10.73
2026-09-01 22:42:06,73.55,8,144.5,2567.7,0.0,10.47
2026-09-01 22:42:37,65.2,8,175.8,2598.9,0.0,8.64
2026-09-01 22:43:08,69.25,8,206.9,2630.1,0.0,7.34
2026-09-01 22:43:40,67.4,9,8.1,2662.1,0.0,8.39
2026-09-01 22:44:12,75.85,9,39.5,2693.5,0.0,9.04
2026-09-01 22:44:43,74.5,9,70.9,2724.9,0.0,10.21
2026-09-01 22:45:14,75.95,9,102.1,2756.1,0.0,11.05
2026-09-01 22:45:46,80.1,9,133.3,2787.3,0.0,11.05
2026-09-01 22:46:17,71.5,9,164.7,2818.7,0.0,10.79
2026-09-01 22:46:48,80.15,9,195.8,2849.8,0.0,10.15
2026-09-01 22:47:19,72.2,9,226.9,2880.9,0.0,9.65
2026-09-01 22:47:50,69.1,9,258.0,18.7,0.0,9.7
2026-09-01 22:48:22,67.7,8,289.4,50.1,0.0,9.15
2026-09-01 22:48:53,65.9,8,321.0,81.7,0.0,9.1
2026-09-01 22:49:25,74.2,8,352.9,113.7,0.0,9.03
2026-09-01 22:49:57,73.4,8,384.8,145.5,0.0,8.94
2026-09-01 22:50:28,64.9,8,415.8,176.6,0.0,8.5
2026-09-01 22:51:00,64.9,8,447.2,208.0,0.0,8.53
2026-09-01 22:51:31,63.85,7,478.3,26.1,0.0,8.74
2026-09-01 22:52:02,66.8,7,509.5,57.2,0.0,8.04
2026-09-01 22:52:33,58.95,7,540.5,88.2,0.0,7.68
2026-09-01 22:53:04,61.65,7,571.5,119.3,0.0,7.18
2026-09-01 22:53:35,58.5,7,603.1,150.8,0.0,7.36
2026-09-01 22:54:06,58.5,7,634.0,181.8,0.0,7.44
2026-09-01 22:54:37,62.45,7,664.9,0.9,0.0,7.63
2026-09-01 22:55:08,50.9,6,696.0,32.0,0.0,6.59
2026-09-01 22:55:39,60.55,6,726.9,62.9,0.0,7.33
2026-09-01 22:56:10,50.9,6,758.1,94.1,0.0,6.23
2026-09-01 22:56:42,55.75,6,789.6,125.6,0.0,6.3
2026-09-01 22:57:13,48.9,6,820.7,17.2,0.0,5.56
2026-09-01 22:57:44,48.85,5,851.6,48.2,0.0,5.85
2026-09-01 22:58:15,44.85,5,882.6,79.1,0.0,5.31
2026-09-01 22:58:46,43.7,5,913.6,110.1,0.0,5.76
2026-09-01 22:59:17,46.0,5,944.5,141.1,0.0,5.89
2026-09-01 22:59:48,37.9,4,975.6,29.6,0.0,5.9
2026-09-01 23:00:19,41.55,4,1006.7,60.7,0.0,6.0
2026-09-01 23:00:50,42.4,4,1037.9,92.0,0.0,5.99
2026-09-01 23:01:21,46.7,4,1068.8,122.8,0.0,5.87
2026-09-01 23:01:52,38.95,4,1099.7,12.8,0.0,5.73
2026-09-01 23:02:23,35.1,3,1130.5,43.7,0.0,5.58
2026-09-01 23:02:54,31.05,3,1161.3,74.4,0.0,5.75
2026-09-01 23:03:25,34.25,3,1192.3,105.4,0.0,5.28
2026-09-01 23:03:55,37.2,3,1223.1,136.2,0.0,4.87
2026-09-01 23:04:26,33.05,2,1254.0,26.5,0.0,4.64
2026-09-01 23:04:57,23.95,2,1284.8,57.4,0.0,4.65
2026-09-01 23:05:28,19.0,2,1315.7,18.3,0.0,4.32
2026-09-01 23:05:59,26.3,1,1346.5,49.1,0.0,3.82
2026-09-01 23:06:30,17.55,1,1377.4,8.3,0.0,3.47
2026-09-01 23:30:10,7.6,0,2797.5,1428.3,0.0,2.96
2026-09-01 23:30:41,19.15,0,2828.5,1459.3,0.0,2.82
2026-09-01 23:31:12,18.6,0,2859.3,1490.1,0.0,2.62
2026-09-01 23:31:42,12.35,0,2890.2,1521.0,0.0,2.3
2026-09-01 23:32:14,17.1,1,29.4,1552.3,0.0,3.01
2026-09-01 23:32:45,17.65,1,60.3,1583.2,0.0,4.17
2026-09-01 23:33:16,28.1,2,14.9,1614.3,0.0,4.55
2026-09-01 23:33:48,24.9,2,46.7,1646.1,0.0,5.26
2026-09-01 23:34:19,24.0,2,1.6,1677.2,0.0,5.64
2026-09-01 23:34:50,38.1,3,33.2,1708.7,0.0,6.53
2026-09-01 23:35:21,36.1,3,64.3,1739.8,0.0,6.92
2026-09-01 23:35:52,32.6,3,95.5,1771.0,0.0,6.91
2026-09-01 23:36:23,32.4,3,126.5,1802.0,0.0,6.33
2026-09-01 23:36:55,36.7,3,4.3,1833.2,0.0,7.14
2026-09-01 23:37:26,46.1,4,36.1,1864.9,0.0,6.97
2026-09-01 23:37:57,45.25,4,67.2,1896.0,0.0,7.07
2026-09-01 23:38:29,42.5,4,98.6,1927.4,0.0,6.69
2026-09-01 23:39:00,42.75,4,129.6,1958.4,0.0,6.77
2026-09-01 23:39:31,39.9,5,6.9,1989.5,0.0,6.99
2026-09-01 23:40:02,52.65,5,38.3,2020.9,0.0,7.61
2026-09-01 23:40:34,48.15,5,69.5,2052.1,0.0,7.59
2026-09-01 23:41:05,47.3,5,100.7,2083.2,0.0,7.48
2026-09-01 23:41:36,52.7,5,131.7,2114.3,0.0,6.93
2026-09-01 23:42:07,50.5,5,8.1,2145.6,0.0,6.62
2026-09-01 23:42:38,59.65,6,39.4,2176.9,0.0,7.09
2026-09-01 23:43:10,57.1,6,71.0,2208.5,0.0,8.01
2026-09-01 23:43:41,53.2,6,102.0,2239.5,0.0,7.8
2026-09-01 23:44:12,52.3,6,133.2,2270.6,0.0,7.9
2026-09-01 23:44:44,62.05,7,10.8,2302.2,0.0,7.75
2026-09-01 23:45:15,57.6,7,41.9,2333.3,0.0,8.79
2026-09-01 23:45:46,59.45,7,73.1,2364.5,0.0,8.89
2026-09-01 23:46:17,66.1,7,104.4,2395.8,0.0,8.52
2026-09-01 23:46:48,61.75,7,135.5,2427.0,0.0,8.92
2026-09-01 23:47:20,68.65,8,15.3,2458.3,0.0,9.26
2026-09-01 23:47:51,69.35,8,46.6,2489.6,0.0,9.99
2026-09-01 23:48:22,64.5,8,77.7,2520.7,0.0,9.27
2026-09-01 23:48:54,73.25,8,109.1,2552.1,0.0,9.18
2026-09-01 23:49:25,72.15,8,140.3,2583.3,0.0,9.95
2026-09-01 23:49:56,64.7,8,171.5,2614.5,0.0,8.74
2026-09-01 23:50:27,68.4,8,202.6,2645.6,0.0,8.88
2026-09-01 23:50:58,72.5,8,1.9,2676.7,0.0,8.56
2026-09-01 23:51:30,69.75,9,33.4,2708.1,0.0,10.15
2026-09-01 23:52:02,79.75,9,65.3,2740.1,0.0,11.6
2026-09-01 23:52:34,70.85,9,97.5,2772.2,0.0,9.8
2026-09-01 23:53:05,71.1,9,128.8,2803.5,0.0,10.93
2026-09-01 23:53:36,76.7,9,160.1,2834.8,0.0,10.97
2026-09-01 23:54:07,74.9,9,191.2,2865.9,0.0,10.78
2026-09-01 23:54:38,74.85,9,222.3,2897.0,0.0,11.04
2026-09-01 23:55:10,64.4,9,253.3,14.5,0.0,9.9
2026-09-01 23:55:41,64.2,8,284.5,45.7,0.0,10.83
2026-09-01 23:56:12,70.1,8,316.0,77.2,0.0,10.16
2026-09-01 23:56:44,69.8,8,347.4,108.5,0.0,10.18
2026-09-01 23:57:15,68.3,8,378.5,139.6,0.0,9.6
2026-09-01 23:57:46,68.3,8,409.6,170.8,0.0,9.21
2026-09-01 23:58:17,66.55,8,440.7,201.8,0.0,8.71
2026-09-01 23:58:48,58.9,7,471.7,19.0,0.0,8.87
2026-09-01 23:59:19,61.65,7,502.9,50.1,0.0,9.03
2026-09-01 23:59:50,66.45,7,533.9,81.2,0.0,8.48
2026-09-02 00:00:21,59.15,7,565.0,112.3,0.0,8.58
2026-09-02 00:00:53,60.55,7,596.6,4.0,0.0,8.72
2026-09-02 00:01:24,55.05,6,628.3,35.7,0.0,7.42
2026-09-02 00:01:56,50.6,6,659.7,67.1,0.0,6.61
2026-09-02 00:02:27,59.6,6,690.7,98.1,0.0,7.46
2026-09-02 00:02:58,54.9,6,721.7,129.2,0.0,7.32
2026-09-02 00:03:29,46.3,6,752.7,19.1,0.0,7.84
2026-09-02 00:04:00,50.3,5,783.7,50.1,0.0,7.58
2026-09-02 00:04:31,45.45,5,815.0,81.3,0.0,7.18
2026-09-02 00:05:02,46.85,5,846.1,112.5,0.0,6.99
2026-09-02 00:05:34,44.2,5,877.7,2.3,0.0,6.54
2026-09-02 00:06:05,37.55,4,908.7,33.4,0.0,6.03
2026-09-02 00:06:36,37.35,4,939.8,64.5,0.0,6.42
2026-09-02 00:07:07,37.65,4,970.8,95.4,0.0,5.94
2026-09-02 00:07:38,37.8,4,1001.8,126.4,0.0,5.97
2026-09-02 00:08:09,30.95,4,1032.8,17.3,0.0,5.64
2026-09-02 00:08:40,31.95,3,1063.7,48.2,0.0,5.04
2026-09-02 00:09:11,33.05,3,1094.7,79.2,0.0,5.7
2026-09-02 00:09:42,36.25,3,1125.8,110.3,0.0,5.47
2026-09-02 00:10:13,37.4,3,1156.7,1.8,0.0,5.37
2026-09-02 00:10:44,29.95,2,1187.8,32.9,0.0,5.57
2026-09-02 00:11:15,32.55,2,1218.7,63.8,0.0,4.96
2026-09-02 00:11:46,21.3,1,1249.9,24.1,0.0,4.78
2026-09-02 00:12:17,17.35,1,1280.9,55.1,0.0,4.35
2026-09-02 00:12:48,15.95,1,1311.7,15.6,0.0,3.61
2026-09-02 00:37:35,13.8,0,2798.4,1502.3,0.0,3.32
2026-09-02 00:38:05,15.1,0,2829.3,1533.2,0.0,2.9
2026-09-02 00:38:36,18.3,0,2860.2,1564.1,0.0,2.47
2026-09-02 00:39:08,15.9,1,8.1,1595.2,0.0,2.44
2026-09-02 00:39:39,17.5,1,39.3,1626.4,0.0,3.54
2026-09-02 00:40:10,26.25,1,70.2,1657.3,0.0,3.77
2026-09-02 00:40:41,31.5,2,25.3,1689.1,0.0,4.44
2026-09-02 00:41:13,27.35,2,56.7,1720.5,0.0,5.42
2026-09-02 00:41:44,27.85,3,11.6,1751.8,0.0,5.58
2026-09-02 00:42:16,35.15,3,43.2,1783.4,0.0,6.05
2026-09-02 00:42:48,34.8,3,75.4,1815.6,0.0,6.69
2026-09-02 00:43:19,30.7,3,106.4,1846.5,0.0,6.66
2026-09-02 00:43:50,39.2,3,138.0,1878.1,0.0,5.74
2026-09-02 00:44:22,37.6,4,15.8,1909.3,0.0,6.81
2026-09-02 00:44:53,38.85,4,47.0,1940.5,0.0,7.09
2026-09-02 00:45:24,43.75,4,78.1,1971.5,0.0,7.24
2026-09-02 00:45:55,40.25,4,109.2,2002.6,0.0,6.61
2026-09-02 00:46:26,43.8,4,140.3,2033.8,0.0,6.26
2026-09-02 00:46:58,46.15,5,18.7,2065.4,0.0,6.91
2026-09-02 00:47:29,45.9,5,50.2,2096.9,0.0,8.16
2026-09-02 00:48:00,48.25,5,81.3,2128.0,0.0,7.82
2026-09-02 00:48:32,47.5,5,112.7,2159.4,0.0,7.62
2026-09-02 00:49:03,48.35,5,143.8,2190.5,0.0,7.65
2026-09-02 00:49:34,56.95,6,22.4,2221.7,0.0,8.55
2026-09-02 00:50:05,53.4,6,53.7,2252.9,0.0,8.72
2026-09-02 00:50:36,58.95,6,84.8,2284.1,0.0,8.22
2026-09-02 00:51:08,51.1,6,116.1,2315.4,0.0,9.61
2026-09-02 00:51:39,52.6,6,147.3,2346.5,0.0,8.92
2026-09-02 00:52:10,55.05,7,23.8,2377.8,0.0,8.55
2026-09-02 00:52:41,63.8,7,55.0,2409.0,0.0,9.8
2026-09-02 00:53:13,61.65,7,86.7,2440.7,0.0,8.94
2026-09-02 00:53:44,58.25,7,117.8,2471.8,0.0,8.94
2026-09-02 00:54:15,60.25,7,148.8,2502.9,0.0,9.29
2026-09-02 00:54:47,62.8,8,27.5,2535.0,0.0,9.58
2026-09-02 00:55:19,68.35,8,58.7,2566.2,0.0,9.78
2026-09-02 00:55:50,63.95,8,90.0,2597.5,0.0,8.98
2026-09-02 00:56:21,65.75,8,121.2,2628.7,0.0,9.19
2026-09-02 00:56:52,70.3,8,152.3,2659.9,0.0,10.57
2026-09-02 00:57:23,68.45,8,183.5,2691.1,0.0,9.92
2026-09-02 00:57:54,68.2,8,214.6,2722.1,0.0,9.75
2026-09-02 00:58:26,76.55,9,16.9,2753.7,0.0,9.96
2026-09-02 00:58:57,71.1,9,48.2,2785.0,0.0,11.32
2026-09-02 00:59:29,75.1,9,79.5,2816.3,0.0,11.79
2026-09-02 01:00:00,74.5,9,110.8,2847.6,0.0,10.67
2026-09-02 01:00:31,71.15,9,142.1,2878.9,0.0,11.08
2026-09-02 01:01:02,69.9,9,173.3,2910.1,0.0,10.26
2026-09-02 01:01:34,71.3,9,204.7,2941.4,0.0,9.73
2026-09-02 01:02:05,71.1,9,235.9,2972.7,0.0,10.59
2026-09-02 01:02:36,67.35,8,267.1,29.6,0.0,10.64
2026-09-02 01:03:08,67.3,8,298.5,61.0,0.0,9.98
2026-09-02 01:03:39,68.2,8,330.2,92.7,0.0,8.13
2026-09-02 01:04:11,68.55,8,361.5,124.0,0.0,8.39
2026-09-02 01:04:42,64.35,8,392.7,155.1,0.0,8.64
2026-09-02 01:05:13,64.3,8,423.8,186.3,0.0,8.31
2026-09-02 01:05:44,70.45,8,455.1,4.4,0.0,8.89
2026-09-02 01:06:15,60.5,7,486.1,35.5,0.0,8.6
2026-09-02 01:06:46,61.75,7,517.3,66.6,0.0,7.98
2026-09-02 01:07:17,61.7,7,548.3,97.7,0.0,6.9
2026-09-02 01:07:49,63.95,7,580.0,129.4,0.0,7.74
2026-09-02 01:08:21,56.3,7,611.6,21.6,0.0,8.03
2026-09-02 01:08:52,50.95,6,642.8,52.8,0.0,7.64
2026-09-02 01:09:23,51.05,6,673.9,83.9,0.0,7.29
2026-09-02 01:09:54,59.6,6,705.0,115.0,0.0,7.9
2026-09-02 01:10:25,59.7,6,736.2,4.3,0.0,7.3
2026-09-02 01:10:56,48.85,5,767.3,35.3,0.0,6.42
2026-09-02 01:11:28,47.6,5,798.4,66.4,0.0,6.53
2026-09-02 01:11:59,46.4,5,829.5,97.6,0.0,6.59
2026-09-02 01:12:30,44.85,5,861.0,129.1,0.0,6.68
2026-09-02 01:13:01,37.7,4,892.0,17.0,0.0,7.11
2026-09-02 01:13:32,41.75,4,923.1,48.1,0.0,6.83
2026-09-02 01:14:03,37.7,4,954.1,79.1,0.0,6.41
2026-09-02 01:14:34,37.4,4,985.2,110.2,0.0,6.57
2026-09-02 01:15:06,39.15,4,1016.5,2.3,0.0,5.58
2026-09-02 01:15:37,30.9,3,1047.5,33.3,0.0,5.66
2026-09-02 01:16:08,33.0,3,1078.5,64.3,0.0,5.33
2026-09-02 01:16:39,32.15,3,1109.7,95.5,0.0,5.74
2026-09-02 01:17:10,37.0,3,1140.7,126.5,0.0,5.38
2026-09-02 01:17:41,29.7,3,1171.6,17.3,0.0,5.19
2026-09-02 01:18:12,32.9,2,1202.6,48.3,0.0,4.45
2026-09-02 01:18:43,33.1,2,1233.5,9.0,0.0,4.52
2026-09-02 01:19:14,17.35,1,1264.6,40.1,0.0,3.86
2026-09-02 01:19:45,19.7,1,1296.3,0.2,0.0,3.66
2026-09-02 01:44:34,7.5,0,2785.1,1489.0,0.0,3.64
2026-09-02 01:45:05,19.05,0,2816.2,1520.1,0.0,3.23
2026-09-02 01:45:36,18.4,0,2847.2,1551.1,0.0,3.07
2026-09-02 01:46:07,11.35,0,2878.0,1581.9,0.0,3.22
2026-09-02 01:46:39,16.95,1,26.5,1613.7,0.0,3.92
2026-09-02 01:47:10,17.55,1,57.4,1644.6,0.0,3.93
2026-09-02 01:47:42,28.35,2,13.1,1676.5,0.0,4.6
2026-09-02 01:48:13,25.45,2,44.2,1707.6,0.0,4.85
2026-09-02 01:48:44,24.45,2,75.6,1739.0,0.0,5.31
2026-09-02 01:49:15,38.25,3,30.7,1770.2,0.0,6.13
2026-09-02 01:49:47,39.4,3,61.8,1801.3,0.0,6.49
2026-09-02 01:50:17,39.45,3,92.7,1832.2,0.0,6.71
2026-09-02 01:50:48,39.4,3,123.7,1863.2,0.0,6.19
2026-09-02 01:51:20,36.9,3,1.1,1895.2,0.0,6.25
2026-09-02 01:51:52,41.7,4,32.3,1926.5,0.0,6.6
2026-09-02 01:52:23,41.4,4,63.2,1957.4,0.0,6.97
2026-09-02 01:52:54,41.4,4,94.2,1988.4,0.0,6.07
2026-09-02 01:53:25,37.4,4,125.7,2019.8,0.0,6.82
2026-09-02 01:53:56,39.55,5,3.6,2050.9,0.0,6.63
2026-09-02 01:54:28,52.75,5,35.0,2082.3,0.0,7.42
2026-09-02 01:54:59,44.25,5,66.7,2114.0,0.0,7.77
2026-09-02 01:55:30,52.8,5,97.6,2144.9,0.0,7.47
2026-09-02 01:56:01,44.15,5,128.5,2175.8,0.0,7.52
2026-09-02 01:56:32,50.3,5,3.3,2207.0,0.0,7.38
2026-09-02 01:57:04,59.4,6,34.8,2238.5,0.0,7.93
2026-09-02 01:57:35,54.25,6,65.7,2269.4,0.0,8.42
2026-09-02 01:58:06,52.25,6,96.7,2300.4,0.0,7.95
2026-09-02 01:58:37,52.3,6,127.7,2331.5,0.0,8.53
2026-09-02 01:59:08,52.8,7,5.9,2362.7,0.0,7.94
2026-09-02 01:59:39,60.95,7,37.0,2393.8,0.0,9.33
2026-09-02 02:00:10,65.55,7,67.9,2424.8,0.0,9.92
2026-09-02 02:00:41,61.65,7,98.8,2455.7,0.0,9.8
2026-09-02 02:01:12,57.65,7,129.9,2486.7,0.0,10.09
2026-09-02 02:01:43,62.1,7,6.2,2517.8,0.0,10.02
2026-09-02 02:02:14,64.3,8,37.4,2549.0,0.0,10.62
2026-09-02 02:02:45,73.2,8,68.5,2580.1,0.0,10.8
2026-09-02 02:03:17,70.45,8,99.8,2611.4,0.0,10.35
2026-09-02 02:03:48,65.55,8,130.8,2642.4,0.0,10.28
2026-09-02 02:04:19,64.8,8,162.1,2673.7,0.0,8.72
2026-09-02 02:04:50,73.1,8,193.1,2704.7,0.0,8.16
2026-09-02 02:05:21,68.25,8,224.0,2735.6,0.0,7.21
2026-09-02 02:05:52,71.45,9,24.6,2767.0,0.0,8.65
2026-09-02 02:06:23,71.25,9,55.7,2798.0,0.0,9.69
2026-09-02 02:06:55,70.8,9,87.0,2829.4,0.0,10.68
2026-09-02 02:07:26,79.55,9,118.1,2860.4,0.0,10.08
2026-09-02 02:07:57,75.2,9,149.1,2891.4,0.0,10.21
2026-09-02 02:08:28,72.25,9,180.1,2922.5,0.0,8.98
2026-09-02 02:08:59,75.0,9,211.2,2953.6,0.0,10.15
2026-09-02 02:09:30,79.5,9,242.3,3.7,0.0,8.66
2026-09-02 02:10:02,69.55,8,273.9,35.3,0.0,8.96
2026-09-02 02:10:32,64.9,8,304.9,66.3,0.0,9.42
2026-09-02 02:11:04,63.95,8,336.1,97.5,0.0,8.89
2026-09-02 02:11:35,68.4,8,367.1,128.5,0.0,9.27
2026-09-02 02:12:06,72.55,8,398.0,159.4,0.0,9.62
2026-09-02 02:12:37,67.35,8,429.0,190.4,0.0,9.58
2026-09-02 02:13:08,58.0,8,460.0,10.4,0.0,8.94
2026-09-02 02:13:39,61.85,7,491.0,41.4,0.0,8.86
2026-09-02 02:14:10,61.7,7,522.0,72.3,0.0,8.33
2026-09-02 02:14:41,63.9,7,553.4,103.7,0.0,8.18
2026-09-02 02:15:12,65.95,7,584.3,134.7,0.0,7.63
2026-09-02 02:15:43,51.5,6,615.4,24.4,0.0,7.31
2026-09-02 02:16:14,56.35,6,646.4,55.4,0.0,7.95
2026-09-02 02:16:45,51.5,6,677.8,86.8,0.0,7.55
2026-09-02 02:17:16,53.3,6,708.8,117.8,0.0,7.63
2026-09-02 02:17:47,50.85,6,739.7,8.4,0.0,7.71
2026-09-02 02:18:18,46.05,5,770.9,39.6,0.0,6.88
2026-09-02 02:18:50,44.35,5,802.0,70.7,0.0,7.5
2026-09-02 02:19:20,49.65,5,832.9,101.6,0.0,7.05
2026-09-02 02:19:51,46.95,5,863.8,132.5,0.0,7.11
2026-09-02 02:20:22,45.0,5,894.7,22.1,0.0,6.26
2026-09-02 02:20:53,43.55,4,925.5,52.9,0.0,5.93
2026-09-02 02:21:24,46.55,4,956.9,84.3,0.0,5.99
2026-09-02 02:21:55,46.3,4,987.7,115.1,0.0,5.56
2026-09-02 02:22:26,37.1,4,1018.7,6.0,0.0,5.42
2026-09-02 02:22:57,30.65,3,1049.7,37.0,0.0,5.08
2026-09-02 02:23:28,33.25,3,1080.7,68.0,0.0,4.98
2026-09-02 02:23:59,33.9,3,1111.5,98.8,0.0,5.14
2026-09-02 02:24:30,34.75,3,1142.4,129.6,0.0,5.03
2026-09-02 02:25:01,32.85,3,1173.1,17.1,0.0,4.92
2026-09-02 02:25:32,24.1,2,1204.0,48.0,0.0,4.57
2026-09-02 02:26:02,26.65,2,1234.8,7.2,0.0,4.44
2026-09-02 02:26:33,26.1,1,1265.6,38.0,0.0,3.92
2026-09-02 02:27:04,17.75,1,1296.6,69.0,0.0,3.58
2026-09-02 02:50:14,5.15,0,2686.5,1388.3,0.0,3.9
2026-09-02 02:50:45,10.45,0,2717.3,1419.1,0.0,3.6
2026-09-02 02:51:16,14.5,0,2748.1,1449.9,0.0,2.99
2026-09-02 02:51:46,19.15,0,2778.9,1480.7,0.0,2.75
2026-09-02 02:52:18,15.4,1,17.4,1511.8,0.0,2.95
2026-09-02 02:52:49,21.25,1,48.4,1542.8,0.0,4.0
2026-09-02 02:53:21,28.45,1,2.8,1574.8,0.0,4.3
2026-09-02 02:53:52,29.3,2,34.3,1606.3,0.0,4.65
2026-09-02 02:54:23,27.0,2,65.6,1637.5,0.0,5.42
2026-09-02 02:54:55,28.2,3,21.4,1668.8,0.0,5.8
2026-09-02 02:55:26,34.6,3,52.4,1699.8,0.0,6.0
2026-09-02 02:55:57,37.3,3,83.4,1730.8,0.0,6.69
2026-09-02 02:56:28,34.0,3,114.5,1761.9,0.0,6.24
2026-09-02 02:56:59,38.8,3,145.4,1792.8,0.0,6.34
2026-09-02 02:57:30,42.75,4,23.6,1824.2,0.0,6.37
2026-09-02 02:58:01,37.5,4,54.6,1855.1,0.0,7.07
2026-09-02 02:58:32,41.6,4,85.5,1886.0,0.0,6.75
2026-09-02 02:59:03,37.7,4,116.6,1917.2,0.0,6.39
2026-09-02 02:59:35,37.95,4,148.6,1949.2,0.0,6.07
2026-09-02 03:00:06,52.25,5,26.5,1980.5,0.0,6.84
2026-09-02 03:00:37,52.7,5,57.5,2011.5,0.0,7.34
2026-09-02 03:01:09,44.15,5,88.8,2042.8,0.0,7.24
2026-09-02 03:01:40,52.45,5,119.9,2073.9,0.0,7.04
2026-09-02 03:02:11,45.0,5,151.0,2105.0,0.0,6.24
2026-09-02 03:02:42,54.65,6,28.7,2136.0,0.0,7.5
2026-09-02 03:03:14,55.15,6,60.5,2167.9,0.0,8.86
2026-09-02 03:03:45,51.75,6,92.2,2199.5,0.0,8.18
2026-09-02 03:04:17,53.1,6,123.4,2230.7,0.0,8.06
2026-09-02 03:04:48,53.4,7,1.8,2262.0,0.0,8.01
2026-09-02 03:05:19,60.7,7,33.0,2293.1,0.0,9.22
2026-09-02 03:05:50,62.1,7,64.3,2324.5,0.0,9.42
2026-09-02 03:06:22,66.75,7,96.2,2356.4,0.0,9.75
2026-09-02 03:06:53,57.9,7,127.4,2387.5,0.0,8.95
2026-09-02 03:07:24,65.95,7,158.4,2418.6,0.0,8.03
2026-09-02 03:07:55,66.35,7,189.4,2449.6,0.0,7.98
2026-09-02 03:08:27,58.5,7,220.9,2481.1,0.0,8.31
2026-09-02 03:08:58,62.8,8,24.8,2512.4,0.0,8.4
2026-09-02 03:09:29,68.8,8,55.9,2543.6,0.0,10.93
2026-09-02 03:10:01,64.3,8,87.3,2575.0,0.0,9.37
2026-09-02 03:10:32,64.75,8,118.4,2606.1,0.0,9.09
2026-09-02 03:11:03,70.6,8,149.9,2637.6,0.0,9.26
2026-09-02 03:11:36,64.55,8,182.1,2669.7,0.0,9.13
2026-09-02 03:12:07,68.8,8,213.3,2701.0,0.0,9.36
2026-09-02 03:12:39,76.0,9,16.2,2732.8,0.0,9.86
2026-09-02 03:13:10,77.7,9,47.5,2764.1,0.0,9.33
2026-09-02 03:13:41,73.15,9,78.6,2795.2,0.0,10.66
2026-09-02 03:14:12,75.6,9,109.7,2826.4,0.0,10.23
2026-09-02 03:14:43,76.75,9,141.0,2857.6,0.0,10.63
2026-09-02 03:15:15,75.6,9,172.1,2888.7,0.0,11.01
2026-09-02 03:15:46,74.1,9,203.2,2919.8,0.0,10.25
2026-09-02 03:16:17,70.5,9,234.5,2951.1,0.0,9.34
2026-09-02 03:16:48,73.0,8,265.5,26.4,0.0,9.73
2026-09-02 03:17:20,66.65,8,297.2,58.0,0.0,9.16
2026-09-02 03:17:51,64.7,8,328.3,89.2,0.0,7.63
2026-09-02 03:18:22,73.65,8,359.6,120.4,0.0,7.78
2026-09-02 03:18:53,72.5,8,390.7,151.5,0.0,8.12
2026-09-02 03:19:25,64.65,8,422.2,183.0,0.0,8.43
2026-09-02 03:19:56,64.6,8,453.8,3.6,0.0,7.44
2026-09-02 03:20:27,65.5,7,485.0,34.8,0.0,8.06
2026-09-02 03:20:58,66.1,7,516.0,65.8,0.0,8.28
2026-09-02 03:21:30,57.5,7,547.3,97.2,0.0,9.02
2026-09-02 03:22:01,57.9,7,578.4,128.2,0.0,7.97
2026-09-02 03:22:32,64.2,7,609.5,159.4,0.0,8.89
2026-09-02 03:23:03,66.0,7,640.6,190.4,0.0,8.27
2026-09-02 03:23:34,50.95,7,671.8,10.7,0.0,7.88
2026-09-02 03:24:05,51.5,6,703.0,41.8,0.0,7.56
2026-09-02 03:24:37,60.2,6,734.3,73.2,0.0,7.43
2026-09-02 03:25:08,55.4,6,765.3,104.1,0.0,7.13
2026-09-02 03:25:39,59.3,6,796.3,135.2,0.0,7.4
2026-09-02 03:26:10,52.65,5,827.3,24.5,0.0,6.68
2026-09-02 03:26:41,47.95,5,858.9,56.1,0.0,6.87
2026-09-02 03:27:12,52.5,5,889.9,87.2,0.0,6.15
2026-09-02 03:27:44,46.9,5,921.3,118.6,0.0,6.81
2026-09-02 03:28:15,43.55,5,952.4,9.8,0.0,6.78
2026-09-02 03:28:46,37.85,4,983.5,40.9,0.0,7.1
2026-09-02 03:29:17,38.15,4,1014.5,71.9,0.0,6.55
2026-09-02 03:29:48,45.4,4,1045.4,102.8,0.0,6.68
2026-09-02 03:30:19,46.5,4,1076.4,133.8,0.0,6.28
2026-09-02 03:30:50,34.0,3,1107.6,24.3,0.0,6.33
2026-09-02 03:31:21,39.4,3,1138.5,55.3,0.0,5.89
2026-09-02 03:31:52,39.55,3,1169.5,86.3,0.0,5.45
2026-09-02 03:32:24,30.3,3,1201.2,118.0,0.0,5.34
2026-09-02 03:32:55,24.15,3,1232.3,8.4,0.0,5.41
2026-09-02 03:33:26,31.6,2,1263.2,39.3,0.0,4.64
2026-09-02 03:33:56,32.9,2,1294.0,70.1,0.0,4.45
2026-09-02 03:34:27,17.4,1,1324.8,30.7,0.0,3.91
2026-09-02 03:34:58,25.25,1,1355.5,61.4,0.0,3.6
2026-09-02 03:57:32,13.35,0,2709.9,1345.6,0.0,3.21
2026-09-02 03:58:03,10.45,0,2740.8,1376.5,0.0,2.76
2026-09-02 03:58:34,14.45,0,2771.8,1407.4,0.0,2.33
2026-09-02 03:59:05,17.0,1,7.9,1438.6,0.0,2.59
2026-09-02 03:59:37,26.15,1,39.1,1469.8,0.0,3.6
2026-09-02 04:00:08,20.5,1,70.2,1500.9,0.0,3.68
2026-09-02 04:00:39,24.25,2,23.3,1531.9,0.0,4.77
2026-09-02 04:01:10,28.1,2,54.4,1563.0,0.0,5.48
2026-09-02 04:01:41,35.1,3,9.0,1594.4,0.0,5.69
2026-09-02 04:02:12,32.3,3,40.2,1625.6,0.0,6.21
2026-09-02 04:02:44,30.7,3,71.5,1656.9,0.0,6.48
2026-09-02 04:03:15,33.7,3,102.5,1687.9,0.0,6.24
2026-09-02 04:03:46,30.65,3,134.2,1719.6,0.0,6.21
2026-09-02 04:04:18,37.55,4,12.5,1750.9,0.0,6.75
2026-09-02 04:04:49,46.1,4,43.8,1782.1,0.0,6.76
2026-09-02 04:05:20,41.5,4,74.8,1813.1,0.0,6.86
2026-09-02 04:05:51,41.5,4,105.7,1844.0,0.0,6.65
2026-09-02 04:06:22,37.4,4,136.8,1875.1,0.0,6.29
2026-09-02 04:06:53,43.8,5,14.1,1906.3,0.0,6.92
2026-09-02 04:07:24,48.25,5,45.2,1937.4,0.0,7.39
2026-09-02 04:07:55,45.05,5,76.3,1968.6,0.0,7.46
2026-09-02 04:08:26,52.9,5,107.4,1999.7,0.0,6.17
2026-09-02 04:08:57,48.4,5,138.4,2030.6,0.0,6.81
2026-09-02 04:09:30,49.15,6,16.9,2063.5,0.0,7.7
2026-09-02 04:10:03,49.9,6,49.4,2096.0,0.0,8.62
2026-09-02 04:10:34,53.8,6,80.9,2127.5,0.0,8.49
2026-09-02 04:11:06,55.25,6,112.4,2159.0,0.0,8.51
2026-09-02 04:11:37,51.65,6,143.5,2190.1,0.0,8.35
2026-09-02 04:12:08,60.05,7,22.2,2221.2,0.0,8.88
2026-09-02 04:12:39,63.3,7,53.4,2252.4,0.0,9.52
2026-09-02 04:13:10,65.8,7,84.5,2283.5,0.0,9.55
2026-09-02 04:13:41,57.8,7,115.7,2314.7,0.0,9.37
2026-09-02 04:14:13,58.8,7,146.8,2345.8,0.0,9.19
2026-09-02 04:14:44,58.5,7,178.5,2377.5,0.0,8.64
2026-09-02 04:15:16,61.55,7,210.1,2409.1,0.0,8.97
2026-09-02 04:15:47,61.4,8,12.0,2440.2,0.0,9.2
2026-09-02 04:16:18,68.6,8,43.1,2471.4,0.0,10.09
2026-09-02 04:16:49,68.45,8,74.2,2502.4,0.0,9.09
2026-09-02 04:17:21,68.55,8,105.7,2534.0,0.0,9.13
2026-09-02 04:17:52,64.55,8,136.9,2565.2,0.0,9.66
2026-09-02 04:18:23,69.95,8,168.0,2596.2,0.0,8.32
2026-09-02 04:18:54,69.45,8,199.1,2627.3,0.0,8.57
2026-09-02 04:19:25,72.85,8,2.0,2658.6,0.0,8.0
2026-09-02 04:19:57,76.0,9,33.8,2690.4,0.0,9.83
2026-09-02 04:20:28,75.2,9,64.9,2721.6,0.0,10.68
2026-09-02 04:20:59,76.4,9,96.0,2752.7,0.0,10.15
2026-09-02 04:21:31,72.3,9,127.6,2784.3,0.0,9.5
2026-09-02 04:22:02,79.6,9,158.7,2815.4,0.0,10.43
2026-09-02 04:22:33,75.2,9,190.0,2846.7,0.0,10.67
2026-09-02 04:23:04,75.35,9,221.1,2877.7,0.0,10.52
2026-09-02 04:23:36,64.85,9,252.5,11.5,0.0,10.44
2026-09-02 04:24:07,64.55,8,283.5,42.6,0.0,10.16
2026-09-02 04:24:38,72.55,8,314.7,73.7,0.0,9.25
2026-09-02 04:25:09,72.9,8,345.9,104.9,0.0,8.29
2026-09-02 04:25:40,64.45,8,377.0,136.0,0.0,8.42
2026-09-02 04:26:12,68.75,8,408.5,167.5,0.0,8.44
2026-09-02 04:26:44,69.85,8,440.2,199.2,0.0,8.97
2026-09-02 04:27:15,58.15,7,471.2,17.5,0.0,8.81
2026-09-02 04:27:46,66.4,7,502.2,48.5,0.0,8.73
2026-09-02 04:28:17,66.1,7,533.3,79.6,0.0,8.5
2026-09-02 04:28:48,60.05,7,564.4,110.7,0.0,8.62
2026-09-02 04:29:19,59.75,7,596.0,142.3,0.0,8.73
2026-09-02 04:29:51,61.6,7,627.2,173.5,0.0,8.57
2026-09-02 04:30:22,61.65,7,658.6,204.8,0.0,9.01
2026-09-02 04:30:53,54.65,6,689.6,25.8,0.0,7.9
2026-09-02 04:31:24,52.55,6,720.6,56.8,0.0,7.22
2026-09-02 04:31:55,51.0,6,751.8,88.0,0.0,6.72
2026-09-02 04:32:26,50.0,6,782.8,119.0,0.0,7.03
2026-09-02 04:32:57,55.05,6,814.1,7.8,0.0,6.86
2026-09-02 04:33:28,52.75,5,845.0,38.7,0.0,7.53
2026-09-02 04:33:59,52.85,5,876.0,69.8,0.0,7.2
2026-09-02 04:34:31,52.4,5,907.1,100.9,0.0,6.93
2026-09-02 04:35:02,52.75,5,938.6,132.3,0.0,6.7
2026-09-02 04:35:33,42.05,5,970.1,22.8,0.0,6.7
2026-09-02 04:36:04,45.7,4,1001.1,53.8,0.0,6.28
2026-09-02 04:36:36,43.75,4,1032.2,85.0,0.0,6.27
2026-09-02 04:37:07,45.9,4,1063.3,116.0,0.0,5.38
2026-09-02 04:37:38,44.65,4,1094.2,4.8,0.0,5.85
2026-09-02 04:38:09,36.75,3,1125.2,35.8,0.0,5.81
2026-09-02 04:38:40,36.7,3,1156.7,67.3,0.0,5.9
2026-09-02 04:39:11,38.7,3,1187.7,98.3,0.0,5.56
2026-09-02 04:39:42,38.8,3,1218.6,129.2,0.0,5.35
2026-09-02 04:40:13,32.95,3,1249.6,17.3,0.0,5.19
2026-09-02 04:40:44,28.15,2,1280.7,48.5,0.0,4.84
2026-09-02 04:41:15,24.15,2,1311.7,7.0,0.0,4.42
2026-09-02 04:41:46,17.75,1,1342.7,38.0,0.0,3.81
2026-09-02 04:42:17,25.8,1,1373.6,68.9,0.0,3.57
2026-09-02 05:05:56,11.8,0,2792.2,1416.9,0.0,3.24
2026-09-02 05:06:27,14.4,0,2823.2,1447.9,0.0,2.73
2026-09-02 05:06:57,18.3,0,2854.0,1478.7,0.0,2.55
2026-09-02 05:07:29,20.95,0,6.7,1510.5,0.0,2.9
2026-09-02 05:08:01,20.5,1,38.1,1541.9,0.0,3.26
2026-09-02 05:08:32,21.55,1,69.0,1572.8,0.0,3.65
2026-09-02 05:09:03,26.05,2,20.9,1603.9,0.0,4.41
2026-09-02 05:09:34,32.15,2,52.0,1635.0,0.0,5.5
2026-09-02 05:10:05,27.6,2,7.9,1666.2,0.0,6.31
2026-09-02 05:10:37,35.2,3,39.9,1698.2,0.0,6.56
2026-09-02 05:11:09,39.55,3,71.6,1730.0,0.0,6.8
2026-09-02 05:11:40,35.05,3,102.7,1761.0,0.0,5.79
2026-09-02 05:12:11,35.55,3,133.8,1792.2,0.0,5.22
2026-09-02 05:12:42,40.05,4,12.7,1823.4,0.0,5.85
2026-09-02 05:13:14,38.2,4,44.7,1855.4,0.0,6.78
2026-09-02 05:13:45,43.3,4,75.8,1886.5,0.0,6.48
2026-09-02 05:14:16,37.45,4,106.9,1917.6,0.0,6.15
2026-09-02 05:14:47,40.05,4,137.8,1948.5,0.0,6.22
2026-09-02 05:15:19,47.5,5,15.9,1979.8,0.0,6.9
2026-09-02 05:15:50,44.6,5,47.1,2011.0,0.0,7.72
2026-09-02 05:16:21,44.55,5,78.0,2041.9,0.0,7.98
2026-09-02 05:16:52,48.6,5,109.0,2073.0,0.0,7.17
2026-09-02 05:17:23,48.5,5,140.2,2104.1,0.0,7.89
2026-09-02 05:17:54,53.05,6,17.0,2135.3,0.0,8.39
2026-09-02 05:18:25,54.9,6,48.2,2166.5,0.0,9.44
2026-09-02 05:18:57,55.7,6,79.8,2198.1,0.0,8.78
2026-09-02 05:19:28,51.25,6,111.1,2229.3,0.0,8.88
2026-09-02 05:19:59,59.4,6,142.1,2260.4,0.0,8.94
2026-09-02 05:20:30,55.95,7,21.4,2291.5,0.0,8.88
2026-09-02 05:21:02,62.25,7,53.4,2323.6,0.0,9.38
2026-09-02 05:21:34,62.1,7,85.2,2355.3,0.0,10.13
2026-09-02 05:22:05,66.65,7,116.4,2386.6,0.0,8.9
2026-09-02 05:22:36,66.5,7,147.4,2417.5,0.0,8.52
2026-09-02 05:23:08,71.45,8,24.3,2448.8,0.0,8.55
2026-09-02 05:23:39,64.3,8,55.6,2480.0,0.0,9.97
2026-09-02 05:24:10,73.0,8,86.6,2511.0,0.0,9.59
2026-09-02 05:24:41,68.65,8,117.8,2542.3,0.0,9.65
2026-09-02 05:25:12,66.95,8,148.9,2573.3,0.0,9.64
2026-09-02 05:25:43,68.65,8,179.8,2604.3,0.0,8.36
2026-09-02 05:26:14,63.6,8,210.8,2635.2,0.0,7.36
2026-09-02 05:26:45,67.1,9,12.8,2666.3,0.0,8.02
2026-09-02 05:27:17,75.75,9,44.9,2698.3,0.0,9.54
2026-09-02 05:27:48,73.75,9,75.9,2729.4,0.0,9.01
2026-09-02 05:28:19,71.4,9,106.9,2760.3,0.0,9.36
2026-09-02 05:28:50,75.3,9,138.1,2791.6,0.0,10.37
2026-09-02 05:29:21,75.3,9,169.1,2822.5,0.0,10.21
2026-09-02 05:29:52,71.45,9,200.2,2853.6,0.0,10.17
2026-09-02 05:30:24,73.2,9,231.4,2884.9,0.0,10.36
2026-09-02 05:30:55,73.0,9,262.7,24.2,0.0,9.54
2026-09-02 05:31:26,73.5,8,293.8,55.4,0.0,8.94
2026-09-02 05:31:57,65.05,8,324.8,86.3,0.0,9.75
2026-09-02 05:32:28,65.9,8,355.8,117.3,0.0,9.1
2026-09-02 05:32:59,68.7,8,386.8,148.3,0.0,9.49
2026-09-02 05:33:30,68.7,8,418.1,179.6,0.0,9.04
2026-09-02 05:34:01,70.7,8,449.0,210.6,0.0,8.45
2026-09-02 05:34:32,63.5,7,480.0,28.1,0.0,7.7
2026-09-02 05:35:03,58.2,7,511.0,59.1,0.0,7.38
2026-09-02 05:35:35,58.7,7,542.5,90.6,0.0,7.25
2026-09-02 05:36:06,62.15,7,573.4,121.5,0.0,6.59
2026-09-02 05:36:37,62.3,7,604.7,8.8,0.0,5.27
2026-09-02 05:37:08,59.75,6,635.8,39.9,0.0,6.01
2026-09-02 05:37:39,59.5,6,666.8,70.8,0.0,6.73
2026-09-02 05:38:10,58.85,6,697.7,101.7,0.0,6.7
2026-09-02 05:38:41,57.6,6,728.8,132.8,0.0,6.95
2026-09-02 05:39:12,47.3,6,759.9,20.9,0.0,7.0
2026-09-02 05:39:43,46.3,5,790.9,51.8,0.0,6.61
2026-09-02 05:40:14,50.75,5,821.7,82.7,0.0,6.32
2026-09-02 05:40:45,48.0,5,853.0,114.0,0.0,6.47
2026-09-02 05:41:16,53.2,5,884.0,1.8,0.0,6.17
2026-09-02 05:41:47,45.8,4,914.8,32.6,0.0,6.12
2026-09-02 05:42:18,41.85,4,945.7,63.5,0.0,6.32
2026-09-02 05:42:49,41.8,4,976.7,94.4,0.0,6.0
2026-09-02 05:43:20,37.85,4,1007.6,125.4,0.0,5.37
2026-09-02 05:43:51,31.05,4,1038.5,16.7,0.0,5.23
2026-09-02 05:44:22,39.35,3,1069.9,48.1,0.0,4.9
2026-09-02 05:44:53,40.1,3,1101.3,79.5,0.0,4.77
2026-09-02 05:45:24,31.15,3,1132.3,110.5,0.0,5.0
2026-09-02 05:45:55,33.15,3,1163.1,141.3,0.0,5.32
2026-09-02 05:46:26,30.5,2,1194.1,30.1,0.0,4.78
2026-09-02 05:46:57,33.2,2,1224.9,60.9,0.0,4.45
2026-09-02 05:47:29,17.95,2,1256.5,22.5,0.0,4.07
2026-09-02 05:48:00,21.1,1,1287.7,53.7,0.0,3.7
2026-09-02 05:48:31,14.75,1,1318.4,14.0,0.0,3.54
2026-09-02 06:11:39,12.1,0,2706.4,1401.9,0.0,2.9
2026-09-02 06:12:10,11.3,0,2737.4,1432.9,0.0,2.72
2026-09-02 06:12:41,10.5,0,2768.6,1464.2,0.0,2.52
2026-09-02 06:13:12,20.7,1,2.5,1495.9,0.0,2.76
2026-09-02 06:13:43,22.95,1,33.5,1526.9,0.0,3.59
2026-09-02 06:14:15,16.7,1,65.3,1558.6,0.0,3.8
2026-09-02 06:14:47,22.15,2,20.5,1590.0,0.0,4.15
2026-09-02 06:15:18,28.35,2,51.6,1621.0,0.0,5.11
2026-09-02 06:15:49,30.7,3,6.6,1652.0,0.0,5.46
2026-09-02 06:16:20,33.1,3,37.5,1683.0,0.0,6.29
2026-09-02 06:16:51,31.2,3,68.6,1714.1,0.0,6.64
2026-09-02 06:17:22,37.35,3,99.5,1745.0,0.0,6.21
2026-09-02 06:17:53,33.2,3,130.6,1776.0,0.0,5.95
2026-09-02 06:18:24,35.9,4,6.9,1807.1,0.0,6.16
2026-09-02 06:18:55,38.0,4,38.0,1838.2,0.0,6.75
2026-09-02 06:19:26,40.5,4,68.9,1869.1,0.0,6.76
2026-09-02 06:19:57,41.3,4,99.9,1900.0,0.0,6.26
2026-09-02 06:20:28,39.8,4,131.3,1931.5,0.0,6.86
2026-09-02 06:20:59,39.3,5,10.1,1962.8,0.0,7.03
2026-09-02 06:21:30,52.5,5,41.2,1993.9,0.0,7.24
2026-09-02 06:22:02,44.45,5,72.2,2024.9,0.0,7.3
2026-09-02 06:22:32,52.75,5,103.1,2055.9,0.0,7.79
2026-09-02 06:23:03,44.5,5,134.0,2086.8,0.0,7.49
2026-09-02 06:23:34,49.35,6,10.9,2117.8,0.0,8.11
2026-09-02 06:24:05,52.75,6,42.0,2148.9,0.0,7.87
2026-09-02 06:24:36,53.55,6,72.9,2179.8,0.0,7.72
2026-09-02 06:25:07,51.35,-1,104.0,2210.9,0.0,7.76
2026-09-02 06:25:38,59.75,-1,135.0,2241.9,0.0,8.15
2026-09-02 06:26:09,60.0,6,165.9,2272.8,0.0,8.06
2026-09-02 06:26:41,60.15,6,197.3,2304.2,0.0,8.38
2026-09-02 06:27:12,59.3,6,228.4,2335.2,0.0,8.63
2026-09-02 06:27:43,62.5,7,15.5,2366.8,0.0,8.04
2026-09-02 06:28:14,60.2,7,46.6,2397.9,0.0,9.33
2026-09-02 06:28:45,58.1,7,77.6,2428.9,0.0,9.01
2026-09-02 06:29:17,62.15,7,108.8,2460.1,0.0,8.44
2026-09-02 06:29:48,62.1,7,139.8,2491.1,0.0,9.56
2026-09-02 06:30:19,67.05,7,170.7,2522.0,0.0,8.42
2026-09-02 06:30:50,66.55,7,202.0,2553.3,0.0,8.37
2026-09-02 06:31:21,66.15,7,233.0,2584.3,0.0,8.91
2026-09-02 06:31:53,70.55,8,21.2,2616.6,0.0,9.21
2026-09-02 06:32:24,65.4,8,52.3,2647.8,0.0,9.64
2026-09-02 06:32:55,68.15,8,83.5,2678.9,0.0,9.51
2026-09-02 06:33:26,68.85,8,114.5,2709.9,0.0,9.14
2026-09-02 06:33:58,65.95,8,145.6,2741.0,0.0,9.02
2026-09-02 06:34:29,68.9,8,176.6,2772.0,0.0,8.25
2026-09-02 06:35:00,69.1,8,207.9,2803.3,0.0,7.95
2026-09-02 06:35:31,72.7,8,4.6,2834.8,0.0,8.5
